Age,Gender,Marital Status,Country,Branch of Service,officer rank,Functional Branch,Student_ID,Graduation Date,Spouse_Age,Child_1,Child_2,Child_3,Child_4
36,Male,Married,Canada,Air Force,MAJ,Maintenance,2300150,6/2/2023,33,16,,,
40,Male,Married,Germany,Marines,MAJ,Logistics,2300250,6/2/2023,48,7,15,6,
40,Male,Married,UK,Navy,LT,Surface Warfare,2300350,6/2/2023,25,17,,,
42,Female,Married,France,Navy,LCDR,Medical,2300450,6/2/2023,48,,,,
37,Male,Married,Australia,Marines,CPT,Logistics,2300550,6/2/2023,28,3,13,,
40,Male,Single,New Zealand,Army,MAJ,Infantry,2300650,6/2/2023,,,,,
41,Male,Single,Japan,Marines,MAJ,Infantry,2300750,6/2/2023,,,,,
38,Male,Married,South Korea,Air Force,MAJ,Cyber Operations,2300850,6/2/2023,49,6,,,
38,Male,Married,Brazil,Army,MAJ,Logistics,2300950,6/2/2023,30,,,,
42,Male,Single,Argentina,Army,MAJ,Armor,2301050,6/2/2023,,,,,
39,Male,Married,Chile,Army,MAJ,Intelligence,2301150,6/2/2023,31,13,10,,
32,Female,Single,Colombia,Army,CPT,Armor,2301250,6/2/2023,,,,,
34,Female,Married,Italy,Air Force,MAJ,Medical,2301350,6/2/2023,32,4,16,5,
38,Male,Single,Spain,Marines,MAJ,Intelligence,2301450,6/2/2023,,,,,
41,Female,Married,Poland,Navy,LCDR,Surface Warfare,2301550,6/2/2023,32,7,12,11,
37,Male,Married,Norway,Army,CPT,Infantry,2301650,6/2/2023,32,,,,
32,Female,Married,Kenya,Army,CPT,Intelligence,2301750,6/2/2023,41,8,14,12,
38,Male,Married,Ghana,Marines,CPT,Artillery,2301850,6/2/2023,35,14,5,,
40,Male,Single,Nigeria,Air Force,MAJ,Intelligence,2301950,6/2/2023,,,,,
31,Male,Married,South Africa,Navy,LT,Submarine,2302050,6/2/2023,45,,,,
45,Male,Married,Morocco,Army,MAJ,Armor,2302150,6/2/2023,35,2,10,3,
33,Male,Married,India,Army,CPT,Artillery,2302250,6/2/2023,38,,,,
43,Male,Married,Philippines,Army,CPT,Infantry,2302350,6/2/2023,49,11,,,
35,Male,Single,Thailand,Air Force,CPT,Cyber Operations,2302450,6/2/2023,,,,,
37,Male,Single,Singapore,Army,MAJ,Logistics,2302550,6/2/2023,,,,,
44,Female,Married,Indonesia,Army,CPT,Artillery,2302650,6/2/2023,50,5,16,,
40,Male,Married,Canada,Navy,LT,Intelligence,2302750,6/2/2023,34,7,9,15,17
30,Male,Single,Germany,Army,MAJ,Logistics,2302850,6/2/2023,,,,,
42,Male,Married,UK,Navy,LT,Medical,2302950,6/2/2023,38,1,12,15,2
36,Female,Married,France,Army,MAJ,Artillery,2303050,6/2/2023,33,2,5,1,
31,Male,Single,Australia,Navy,LT,Surface Warfare,2303150,6/2/2023,,,,,
32,Male,Married,New Zealand,Army,MAJ,Logistics,2303250,6/2/2023,38,16,,,
45,Male,Married,Japan,Marines,CPT,Infantry,2303350,6/2/2023,44,3,13,12,11
42,Male,Single,South Korea,Navy,LCDR,Aviation,2303450,6/2/2023,,,,,
35,Male,Married,Brazil,Navy,LT,Surface Warfare,2303550,6/2/2023,38,,,,
30,Male,Married,Argentina,Navy,LCDR,Aviation,2303650,6/2/2023,48,10,10,6,
37,Male,Single,Chile,Marines,CPT,Intelligence,2303750,6/2/2023,,,,,
42,Male,Single,Colombia,Marines,CPT,Artillery,2303850,6/2/2023,,,,,
31,Female,Single,Italy,Army,MAJ,Infantry,2303950,6/2/2023,,,,,
31,Male,Single,Spain,Air Force,MAJ,Cyber Operations,2304050,6/2/2023,,,,,
31,Male,Married,Poland,Navy,LT,Submarine,2304150,6/2/2023,40,1,,,
43,Male,Married,Norway,Navy,LT,Submarine,2304250,6/2/2023,38,,,,
30,Male,Married,Kenya,Navy,LT,Submarine,2304350,6/2/2023,40,17,6,1,
43,Male,Married,Ghana,Marines,CPT,Aviation,2304450,6/2/2023,42,5,,,
32,Male,Married,Nigeria,Navy,LCDR,Surface Warfare,2304550,6/2/2023,49,3,5,14,
37,Male,Single,South Africa,Air Force,CPT,Pilot,2304650,6/2/2023,,,,,
40,Male,Married,Morocco,Navy,LT,Intelligence,2304750,6/2/2023,37,9,,,
37,Male,Married,India,Air Force,MAJ,Medical,2304850,6/2/2023,36,15,1,,
37,Male,Married,Philippines,Navy,LCDR,Intelligence,2304950,6/2/2023,35,,,,
38,Female,Married,Thailand,Marines,CPT,Aviation,2305050,6/2/2023,36,11,13,,
32,Male,Married,Singapore,Air Force,CPT,Intelligence,2305150,6/2/2023,38,5,,,
36,Male,Single,Indonesia,Army,CPT,Armor,2305250,6/2/2023,,,,,
32,Male,Married,Canada,Navy,LCDR,Intelligence,2305350,6/2/2023,32,,,,
40,Male,Married,Germany,Army,CPT,Armor,2305450,6/2/2023,42,5,,,
43,Male,Married,UK,Navy,LT,Medical,2305550,6/2/2023,37,4,,,
37,Male,Married,France,Army,MAJ,Artillery,2305650,6/2/2023,38,3,,,
30,Male,Married,Australia,Navy,LCDR,Medical,2305750,6/2/2023,26,14,,,
31,Female,Married,New Zealand,Army,CPT,Infantry,2305850,6/2/2023,33,3,7,1,
30,Male,Single,Japan,Army,MAJ,Logistics,2305950,6/2/2023,,,,,
33,Male,Married,South Korea,Navy,LT,Surface Warfare,2306050,6/2/2023,33,16,2,17,15
39,Male,Married,Brazil,Army,CPT,Logistics,2306150,6/2/2023,50,,,,
38,Female,Single,Argentina,Marines,MAJ,Infantry,2306250,6/2/2023,,,,,
42,Male,Married,Chile,Air Force,MAJ,Maintenance,2306350,6/2/2023,44,13,8,17,9
43,Male,Married,Colombia,Marines,CPT,Infantry,2306450,6/2/2023,35,11,9,3,16
34,Male,Married,Italy,Navy,LT,Submarine,2306550,6/2/2023,44,6,17,,
41,Male,Single,Spain,Army,CPT,Logistics,2306650,6/2/2023,,,,,
44,Female,Single,Poland,Marines,MAJ,Logistics,2306750,6/2/2023,,,,,
37,Male,Single,Norway,Air Force,MAJ,Maintenance,2306850,6/2/2023,,,,,
41,Male,Married,Kenya,Navy,LCDR,Intelligence,2306950,6/2/2023,38,,,,
35,Female,Married,Ghana,Navy,LCDR,Medical,2307050,6/2/2023,30,,,,
37,Female,Married,Nigeria,Marines,CPT,Artillery,2307150,6/2/2023,30,2,15,16,4
44,Male,Single,South Africa,Navy,LT,Medical,2307250,6/2/2023,,,,,
43,Female,Married,Morocco,Navy,LT,Intelligence,2307350,6/2/2023,43,8,15,8,6
31,Male,Single,India,Army,CPT,Artillery,2307450,6/2/2023,,,,,
37,Female,Married,Philippines,Air Force,CPT,Maintenance,2307550,6/2/2023,44,10,4,17,
43,Male,Married,Thailand,Army,MAJ,Armor,2307650,6/2/2023,39,11,3,16,
39,Male,Married,Singapore,Navy,LCDR,Aviation,2307750,6/2/2023,35,,,,
32,Male,Married,Indonesia,Marines,MAJ,Infantry,2307850,6/2/2023,49,,,,
40,Female,Married,Canada,Marines,MAJ,Aviation,2307950,6/2/2023,50,4,,,
33,Male,Married,Germany,Army,MAJ,Logistics,2308050,6/2/2023,47,12,11,6,
41,Female,Married,UK,Navy,LT,Surface Warfare,2308150,6/2/2023,33,17,,,
39,Male,Single,France,Air Force,MAJ,Intelligence,2308250,6/2/2023,,,,,
34,Male,Single,Australia,Army,MAJ,Infantry,2308350,6/2/2023,,,,,
32,Male,Single,New Zealand,Marines,CPT,Artillery,2308450,6/2/2023,,,,,
30,Male,Married,Japan,Marines,MAJ,Intelligence,2308550,6/2/2023,49,5,7,12,13
45,Male,Married,South Korea,Marines,MAJ,Intelligence,2308650,6/2/2023,44,9,8,3,
33,Male,Married,Brazil,Army,CPT,Logistics,2308750,6/2/2023,42,16,17,9,11
35,Male,Married,Argentina,Army,MAJ,Logistics,2308850,6/2/2023,41,8,14,6,
37,Female,Married,Chile,Army,CPT,Armor,2308950,6/2/2023,26,,,,
44,Female,Married,Colombia,Marines,MAJ,Logistics,2309050,6/2/2023,31,1,8,,
31,Male,Married,Italy,Air Force,CPT,Intelligence,2309150,6/2/2023,50,,,,
34,Male,Married,Spain,Marines,MAJ,Artillery,2309250,6/2/2023,43,12,,,
39,Female,Married,Poland,Marines,CPT,Aviation,2309350,6/2/2023,27,4,17,1,
38,Male,Married,Norway,Army,CPT,Artillery,2309450,6/2/2023,42,4,1,,
32,Male,Married,Kenya,Navy,LCDR,Submarine,2309550,6/2/2023,41,,,,
41,Male,Married,Ghana,Navy,LCDR,Intelligence,2309650,6/2/2023,30,,,,
41,Male,Married,Nigeria,Marines,MAJ,Logistics,2309750,6/2/2023,42,4,1,,
39,Male,Married,South Africa,Marines,MAJ,Intelligence,2309850,6/2/2023,42,,,,
42,Female,Married,Morocco,Navy,LCDR,Aviation,2309950,6/2/2023,44,13,17,1,11
33,Male,Married,India,Navy,LT,Intelligence,2310050,6/2/2023,45,,,,
45,Male,Married,Philippines,Marines,CPT,Logistics,2310150,6/2/2023,29,16,,,
30,Male,Married,Thailand,Marines,CPT,Intelligence,2310250,6/2/2023,26,,,,
38,Male,Married,Singapore,Marines,CPT,Artillery,2310350,6/2/2023,47,,,,
43,Male,Married,Indonesia,Marines,MAJ,Infantry,2310450,6/2/2023,26,13,3,,
31,Female,Married,Canada,Navy,LT,Submarine,2310550,6/2/2023,27,14,,,
44,Male,Married,Germany,Army,CPT,Artillery,2310650,6/2/2023,25,,,,
44,Male,Married,UK,Army,MAJ,Artillery,2310750,6/2/2023,50,11,1,,
45,Male,Single,France,Army,MAJ,Logistics,2310850,6/2/2023,,,,,
41,Male,Married,Australia,Marines,CPT,Intelligence,2310950,6/2/2023,35,2,,,
34,Male,Single,New Zealand,Air Force,CPT,Intelligence,2311050,6/2/2023,,,,,
44,Male,Married,Japan,Army,CPT,Armor,2311150,6/2/2023,34,3,10,,
45,Male,Single,South Korea,Marines,MAJ,Infantry,2311250,6/2/2023,,,,,
33,Male,Married,Brazil,Air Force,CPT,Intelligence,2311350,6/2/2023,38,10,14,,
40,Male,Married,Argentina,Air Force,CPT,Cyber Operations,2311450,6/2/2023,42,3,,,
41,Male,Married,Chile,Air Force,MAJ,Pilot,2311550,6/2/2023,34,15,6,5,1
36,Male,Single,Colombia,Army,MAJ,Artillery,2311650,6/2/2023,,,,,
42,Male,Married,Italy,Air Force,MAJ,Intelligence,2200150,6/3/2022,47,,,,
42,Female,Married,Spain,Navy,LT,Surface Warfare,2200250,6/3/2022,27,7,14,5,4
38,Female,Single,Poland,Navy,LT,Intelligence,2200350,6/3/2022,,,,,
43,Male,Single,Norway,Air Force,MAJ,Cyber Operations,2200450,6/3/2022,,,,,
45,Male,Married,Kenya,Navy,LCDR,Surface Warfare,2200550,6/3/2022,42,,,,
37,Male,Married,Ghana,Air Force,MAJ,Intelligence,2200650,6/3/2022,45,11,7,4,2
32,Male,Married,Nigeria,Navy,LT,Aviation,2200750,6/3/2022,27,,,,
41,Male,Single,South Africa,Navy,LCDR,Medical,2200850,6/3/2022,,,,,
34,Male,Married,Morocco,Air Force,CPT,Intelligence,2200950,6/3/2022,26,,,,
43,Male,Single,India,Navy,LCDR,Intelligence,2201050,6/3/2022,,,,,
30,Male,Married,Philippines,Army,CPT,Infantry,2201150,6/3/2022,41,,,,
30,Male,Married,Thailand,Marines,MAJ,Intelligence,2201250,6/3/2022,42,12,3,13,3
44,Male,Married,Singapore,Army,CPT,Infantry,2201350,6/3/2022,31,3,,,
45,Male,Married,Indonesia,Marines,CPT,Artillery,2201450,6/3/2022,30,13,13,5,2
34,Male,Married,Canada,Navy,LT,Aviation,2201550,6/3/2022,32,4,3,,
31,Male,Married,Germany,Army,MAJ,Logistics,2201650,6/3/2022,43,,,,
34,Male,Married,UK,Air Force,MAJ,Cyber Operations,2201750,6/3/2022,27,9,14,,
40,Male,Married,France,Air Force,MAJ,Intelligence,2201850,6/3/2022,40,1,4,1,15
35,Male,Married,Australia,Navy,LT,Intelligence,2201950,6/3/2022,47,15,2,,
30,Female,Married,New Zealand,Navy,LCDR,Intelligence,2202050,6/3/2022,41,1,,,
40,Female,Single,Japan,Army,CPT,Logistics,2202150,6/3/2022,,,,,
39,Female,Married,South Korea,Air Force,MAJ,Medical,2202250,6/3/2022,36,6,16,6,3
39,Male,Single,Brazil,Army,MAJ,Intelligence,2202350,6/3/2022,,,,,
30,Male,Married,Argentina,Army,MAJ,Armor,2202450,6/3/2022,41,,,,
31,Male,Married,Chile,Air Force,MAJ,Medical,2202550,6/3/2022,39,10,15,1,
38,Male,Married,Colombia,Navy,LT,Aviation,2202650,6/3/2022,48,13,7,12,13
41,Male,Married,Italy,Air Force,MAJ,Pilot,2202750,6/3/2022,37,7,9,4,
45,Male,Single,Spain,Navy,LCDR,Submarine,2202850,6/3/2022,,,,,
31,Female,Single,Poland,Navy,LT,Surface Warfare,2202950,6/3/2022,,,,,
43,Male,Married,Norway,Marines,MAJ,Logistics,2203050,6/3/2022,48,1,3,,
38,Male,Married,Kenya,Marines,CPT,Artillery,2203150,6/3/2022,40,,,,
44,Male,Married,Ghana,Navy,LCDR,Submarine,2203250,6/3/2022,37,,,,
44,Male,Married,Nigeria,Marines,MAJ,Logistics,2203350,6/3/2022,25,15,5,,
38,Male,Married,South Africa,Navy,LT,Intelligence,2203450,6/3/2022,45,4,2,,
40,Male,Married,Morocco,Marines,MAJ,Aviation,2203550,6/3/2022,32,,,,
42,Male,Single,India,Air Force,MAJ,Medical,2203650,6/3/2022,,,,,
41,Male,Married,Philippines,Air Force,CPT,Cyber Operations,2203750,6/3/2022,30,,,,
30,Male,Married,Thailand,Army,CPT,Logistics,2203850,6/3/2022,42,13,15,,
41,Male,Single,Singapore,Army,MAJ,Infantry,2203950,6/3/2022,,,,,
33,Male,Married,Indonesia,Marines,CPT,Aviation,2204050,6/3/2022,45,,,,
34,Male,Married,Canada,Marines,MAJ,Aviation,2204150,6/3/2022,25,6,,,
39,Female,Single,Germany,Marines,MAJ,Infantry,2204250,6/3/2022,,,,,
34,Male,Married,UK,Navy,LT,Aviation,2204350,6/3/2022,47,2,2,16,
38,Male,Single,France,Marines,CPT,Aviation,2204450,6/3/2022,,,,,
31,Male,Married,Australia,Navy,LT,Submarine,2204550,6/3/2022,45,,,,
44,Male,Married,New Zealand,Marines,CPT,Infantry,2204650,6/3/2022,47,13,17,,
40,Male,Married,Japan,Army,CPT,Intelligence,2204750,6/3/2022,46,7,,,
44,Male,Married,South Korea,Army,MAJ,Infantry,2204850,6/3/2022,27,4,12,1,
34,Female,Married,Brazil,Army,CPT,Artillery,2204950,6/3/2022,43,9,17,,
33,Male,Single,Argentina,Air Force,MAJ,Maintenance,2205050,6/3/2022,,,,,
34,Male,Married,Chile,Navy,LT,Submarine,2205150,6/3/2022,26,14,16,,
42,Male,Married,Colombia,Air Force,CPT,Pilot,2205250,6/3/2022,39,12,4,5,
33,Male,Married,Italy,Navy,LCDR,Submarine,2205350,6/3/2022,47,13,4,2,14
33,Male,Single,Spain,Navy,LCDR,Surface Warfare,2205450,6/3/2022,,,,,
44,Male,Married,Poland,Army,MAJ,Artillery,2205550,6/3/2022,43,5,12,16,
40,Male,Married,Norway,Marines,CPT,Logistics,2205650,6/3/2022,48,2,9,13,
35,Male,Married,Kenya,Marines,CPT,Artillery,2205750,6/3/2022,50,8,14,,
41,Male,Married,Ghana,Navy,LCDR,Aviation,2205850,6/3/2022,37,4,17,2,10
33,Male,Single,Nigeria,Marines,MAJ,Logistics,2205950,6/3/2022,,,,,
32,Male,Single,South Africa,Navy,LT,Intelligence,2206050,6/3/2022,,,,,
42,Male,Married,Morocco,Navy,LCDR,Submarine,2206150,6/3/2022,33,,,,
44,Female,Married,India,Marines,MAJ,Artillery,2206250,6/3/2022,33,7,,,
33,Male,Married,Philippines,Navy,LCDR,Aviation,2206350,6/3/2022,48,9,11,13,12
39,Female,Married,Thailand,Navy,LT,Aviation,2206450,6/3/2022,42,,,,
36,Male,Married,Singapore,Navy,LCDR,Medical,2206550,6/3/2022,40,15,17,,
34,Male,Married,Indonesia,Navy,LT,Aviation,2206650,6/3/2022,36,11,,,
41,Male,Married,Canada,Navy,LT,Aviation,2206750,6/3/2022,43,1,9,2,
30,Male,Married,Germany,Air Force,MAJ,Cyber Operations,2206850,6/3/2022,44,8,7,17,14
40,Female,Married,UK,Army,CPT,Intelligence,2206950,6/3/2022,32,,,,
33,Male,Single,France,Air Force,CPT,Medical,2207050,6/3/2022,,,,,
40,Male,Single,Australia,Army,CPT,Logistics,2207150,6/3/2022,,,,,
42,Male,Married,New Zealand,Air Force,MAJ,Maintenance,2207250,6/3/2022,44,11,13,7,16
34,Male,Married,Japan,Air Force,CPT,Intelligence,2207350,6/3/2022,25,15,,,
45,Male,Married,South Korea,Navy,LCDR,Surface Warfare,2207450,6/3/2022,25,12,5,,
33,Male,Single,Brazil,Navy,LT,Aviation,2207550,6/3/2022,,,,,
43,Male,Married,Argentina,Air Force,MAJ,Maintenance,2207650,6/3/2022,27,9,6,,
42,Male,Single,Chile,Navy,LCDR,Intelligence,2207750,6/3/2022,,,,,
39,Male,Single,Colombia,Army,CPT,Artillery,2207850,6/3/2022,,,,,
36,Male,Married,Italy,Navy,LCDR,Submarine,2207950,6/3/2022,29,12,,,
42,Female,Married,Spain,Air Force,CPT,Medical,2208050,6/3/2022,29,16,13,,
41,Male,Single,Poland,Army,MAJ,Logistics,2208150,6/3/2022,,,,,
31,Female,Married,Norway,Navy,LCDR,Aviation,2208250,6/3/2022,47,,,,
41,Male,Married,Kenya,Army,CPT,Infantry,2208350,6/3/2022,30,13,12,,
44,Male,Married,Ghana,Army,CPT,Infantry,2208450,6/3/2022,48,6,3,12,
35,Male,Married,Nigeria,Navy,LCDR,Surface Warfare,2208550,6/3/2022,40,12,9,10,
44,Female,Single,South Africa,Navy,LCDR,Submarine,2208650,6/3/2022,,,,,
41,Male,Married,Morocco,Marines,MAJ,Artillery,2208750,6/3/2022,33,8,9,,
40,Female,Married,India,Marines,MAJ,Infantry,2208850,6/3/2022,50,,,,
41,Male,Single,Philippines,Air Force,MAJ,Medical,2208950,6/3/2022,,,,,
43,Female,Married,Thailand,Air Force,MAJ,Intelligence,2209050,6/3/2022,50,16,,,
35,Male,Married,Singapore,Navy,LT,Aviation,2209150,6/3/2022,50,,,,
34,Male,Married,Indonesia,Air Force,MAJ,Pilot,2209250,6/3/2022,42,15,12,,
33,Male,Single,Canada,Marines,CPT,Intelligence,2209350,6/3/2022,,,,,
31,Male,Single,Germany,Marines,MAJ,Intelligence,2209450,6/3/2022,,,,,
35,Male,Single,UK,Navy,LT,Submarine,2209550,6/3/2022,,,,,
31,Male,Single,France,Army,MAJ,Intelligence,2209650,6/3/2022,,,,,
34,Male,Single,Australia,Army,MAJ,Intelligence,2209750,6/3/2022,,,,,
32,Male,Married,New Zealand,Air Force,CPT,Cyber Operations,2209850,6/3/2022,47,12,8,12,2
37,Male,Single,Japan,Air Force,CPT,Cyber Operations,2209950,6/3/2022,,,,,
36,Male,Married,South Korea,Army,CPT,Armor,2210050,6/3/2022,43,13,5,6,9
30,Male,Married,Brazil,Navy,LT,Surface Warfare,2210150,6/3/2022,39,16,,,
42,Male,Married,Argentina,Marines,MAJ,Aviation,2210250,6/3/2022,40,13,,,
31,Male,Married,Chile,Army,CPT,Logistics,2210350,6/3/2022,26,13,17,8,8
44,Male,Single,Colombia,Army,MAJ,Logistics,2210450,6/3/2022,,,,,
30,Male,Single,Italy,Army,CPT,Infantry,2210550,6/3/2022,,,,,
33,Male,Single,Spain,Navy,LT,Medical,2210650,6/3/2022,,,,,
32,Male,Married,Poland,Navy,LCDR,Intelligence,2210750,6/3/2022,31,3,,,
36,Male,Married,Norway,Marines,CPT,Aviation,2210850,6/3/2022,29,3,10,10,
33,Female,Married,Kenya,Marines,MAJ,Aviation,2210950,6/3/2022,44,16,10,,
40,Male,Single,Ghana,Navy,LCDR,Intelligence,2211050,6/3/2022,,,,,
44,Male,Single,Nigeria,Navy,LT,Intelligence,2211150,6/3/2022,,,,,
44,Female,Married,South Africa,Marines,MAJ,Infantry,2211250,6/3/2022,36,,,,
38,Female,Single,Morocco,Navy,LT,Aviation,2211350,6/3/2022,,,,,
42,Male,Single,India,Army,MAJ,Artillery,2211450,6/3/2022,,,,,
43,Male,Married,Philippines,Air Force,MAJ,Medical,2211550,6/3/2022,47,1,16,,
39,Male,Married,Thailand,Army,CPT,Infantry,2211650,6/3/2022,49,,,,
30,Male,Single,Singapore,Army,MAJ,Intelligence,2100150,6/4/2021,,,,,
30,Female,Married,Indonesia,Marines,MAJ,Artillery,2100250,6/4/2021,27,11,4,,
35,Male,Married,Canada,Army,CPT,Artillery,2100350,6/4/2021,28,15,,,
37,Male,Single,Germany,Navy,LCDR,Intelligence,2100450,6/4/2021,,,,,
40,Female,Married,UK,Navy,LT,Medical,2100550,6/4/2021,50,8,13,16,11
30,Male,Single,France,Army,MAJ,Intelligence,2100650,6/4/2021,,,,,
30,Male,Married,Australia,Army,CPT,Intelligence,2100750,6/4/2021,26,14,2,,
39,Male,Single,New Zealand,Air Force,MAJ,Intelligence,2100850,6/4/2021,,,,,
45,Male,Single,Japan,Navy,LCDR,Aviation,2100950,6/4/2021,,,,,
31,Male,Married,South Korea,Marines,MAJ,Logistics,2101050,6/4/2021,28,17,,,
35,Male,Single,Brazil,Air Force,CPT,Medical,2101150,6/4/2021,,,,,
34,Female,Married,Argentina,Air Force,MAJ,Medical,2101250,6/4/2021,47,3,,,
42,Male,Single,Chile,Marines,MAJ,Intelligence,2101350,6/4/2021,,,,,
32,Male,Single,Colombia,Navy,LCDR,Surface Warfare,2101450,6/4/2021,,,,,
36,Male,Married,Italy,Marines,CPT,Aviation,2101550,6/4/2021,36,1,9,14,
39,Male,Married,Spain,Army,MAJ,Infantry,2101650,6/4/2021,40,3,1,9,
34,Male,Married,Poland,Army,MAJ,Artillery,2101750,6/4/2021,35,9,15,,
43,Male,Married,Norway,Air Force,CPT,Intelligence,2101850,6/4/2021,26,4,8,,
42,Male,Single,Kenya,Navy,LCDR,Aviation,2101950,6/4/2021,,,,,
43,Male,Married,Ghana,Navy,LCDR,Aviation,2102050,6/4/2021,38,10,14,13,
41,Female,Married,Nigeria,Army,CPT,Armor,2102150,6/4/2021,45,14,,,
33,Female,Married,South Africa,Air Force,MAJ,Medical,2102250,6/4/2021,42,7,,,
35,Male,Married,Morocco,Army,MAJ,Infantry,2102350,6/4/2021,43,6,,,
41,Male,Married,India,Army,CPT,Logistics,2102450,6/4/2021,42,8,,,
41,Male,Married,Philippines,Navy,LCDR,Submarine,2102550,6/4/2021,43,10,,,
42,Male,Married,Thailand,Air Force,MAJ,Medical,2102650,6/4/2021,44,15,6,10,
33,Female,Married,Singapore,Marines,MAJ,Aviation,2102750,6/4/2021,31,17,9,,
33,Male,Single,Indonesia,Navy,LT,Surface Warfare,2102850,6/4/2021,,,,,
31,Male,Married,Canada,Marines,CPT,Artillery,2102950,6/4/2021,48,16,6,13,
31,Female,Single,Germany,Air Force,CPT,Cyber Operations,2103050,6/4/2021,,,,,
30,Female,Married,UK,Navy,LT,Surface Warfare,2103150,6/4/2021,45,14,,,
39,Male,Married,France,Air Force,CPT,Pilot,2103250,6/4/2021,42,4,16,5,
44,Male,Married,Australia,Marines,CPT,Artillery,2103350,6/4/2021,36,15,10,,
35,Male,Married,New Zealand,Marines,CPT,Infantry,2103450,6/4/2021,35,,,,
42,Male,Married,Japan,Air Force,MAJ,Medical,2103550,6/4/2021,50,10,,,
42,Male,Married,South Korea,Army,MAJ,Logistics,2103650,6/4/2021,42,2,,,
34,Male,Married,Brazil,Navy,LT,Aviation,2103750,6/4/2021,28,16,10,,
35,Male,Single,Argentina,Air Force,MAJ,Maintenance,2103850,6/4/2021,,,,,
42,Male,Single,Chile,Marines,CPT,Logistics,2103950,6/4/2021,,,,,
39,Male,Married,Colombia,Marines,MAJ,Infantry,2104050,6/4/2021,32,10,10,8,
33,Female,Married,Italy,Navy,LCDR,Medical,2104150,6/4/2021,46,4,3,15,8
34,Female,Married,Spain,Air Force,MAJ,Intelligence,2104250,6/4/2021,29,,,,
30,Female,Married,Poland,Army,MAJ,Logistics,2104350,6/4/2021,28,11,,,
33,Male,Married,Norway,Army,MAJ,Artillery,2104450,6/4/2021,38,,,,
34,Female,Single,Kenya,Marines,CPT,Aviation,2104550,6/4/2021,,,,,
33,Male,Married,Ghana,Army,MAJ,Intelligence,2104650,6/4/2021,50,10,13,5,
41,Male,Married,Nigeria,Navy,LCDR,Submarine,2104750,6/4/2021,33,8,16,15,
36,Male,Single,South Africa,Air Force,CPT,Pilot,2104850,6/4/2021,,,,,
43,Male,Married,Morocco,Air Force,MAJ,Intelligence,2104950,6/4/2021,41,12,,,
30,Male,Married,India,Marines,CPT,Logistics,2105050,6/4/2021,40,3,16,6,10
30,Male,Married,Philippines,Army,CPT,Artillery,2105150,6/4/2021,38,,,,
32,Male,Single,Thailand,Navy,LCDR,Submarine,2105250,6/4/2021,,,,,
40,Male,Single,Singapore,Army,CPT,Artillery,2105350,6/4/2021,,,,,
32,Female,Single,Indonesia,Marines,CPT,Artillery,2105450,6/4/2021,,,,,
36,Male,Married,Canada,Army,CPT,Logistics,2105550,6/4/2021,31,2,15,10,17
36,Female,Single,Germany,Marines,MAJ,Artillery,2105650,6/4/2021,,,,,
35,Male,Single,UK,Air Force,MAJ,Cyber Operations,2105750,6/4/2021,,,,,
37,Male,Married,France,Air Force,MAJ,Pilot,2105850,6/4/2021,31,14,2,7,10
43,Male,Single,Australia,Navy,LCDR,Medical,2105950,6/4/2021,,,,,
39,Male,Married,New Zealand,Air Force,MAJ,Maintenance,2106050,6/4/2021,25,1,2,9,
35,Male,Married,Japan,Air Force,CPT,Intelligence,2106150,6/4/2021,28,3,11,,
36,Male,Married,South Korea,Air Force,CPT,Intelligence,2106250,6/4/2021,33,13,,,
43,Male,Married,Brazil,Air Force,CPT,Intelligence,2106350,6/4/2021,35,12,,,
42,Male,Married,Argentina,Air Force,CPT,Intelligence,2106450,6/4/2021,30,11,14,5,13
31,Female,Married,Chile,Army,CPT,Intelligence,2106550,6/4/2021,27,17,8,11,
39,Male,Married,Colombia,Marines,MAJ,Intelligence,2106650,6/4/2021,29,14,14,15,
39,Male,Single,Italy,Army,MAJ,Artillery,2106750,6/4/2021,,,,,
33,Male,Married,Spain,Army,MAJ,Logistics,2106850,6/4/2021,26,7,17,17,16
36,Male,Married,Poland,Marines,MAJ,Artillery,2106950,6/4/2021,50,14,,,
39,Male,Married,Norway,Navy,LT,Intelligence,2107050,6/4/2021,35,,,,
37,Male,Married,Kenya,Army,MAJ,Artillery,2107150,6/4/2021,37,13,,,
45,Male,Married,Ghana,Air Force,MAJ,Intelligence,2107250,6/4/2021,49,8,15,,
45,Female,Single,Nigeria,Army,CPT,Logistics,2107350,6/4/2021,,,,,
39,Male,Married,South Africa,Army,MAJ,Intelligence,2107450,6/4/2021,36,14,16,,
41,Male,Married,Morocco,Navy,LT,Submarine,2107550,6/4/2021,42,14,13,,
34,Male,Single,India,Army,MAJ,Logistics,2107650,6/4/2021,,,,,
40,Male,Single,Philippines,Air Force,MAJ,Pilot,2107750,6/4/2021,,,,,
44,Male,Married,Thailand,Navy,LT,Surface Warfare,2107850,6/4/2021,25,,,,
35,Male,Married,Singapore,Marines,CPT,Logistics,2107950,6/4/2021,49,,,,
32,Male,Married,Indonesia,Air Force,MAJ,Cyber Operations,2108050,6/4/2021,39,,,,
30,Male,Married,Canada,Army,CPT,Artillery,2108150,6/4/2021,43,10,5,6,
31,Male,Married,Germany,Marines,MAJ,Artillery,2108250,6/4/2021,44,15,7,2,12
32,Male,Married,UK,Navy,LT,Surface Warfare,2108350,6/4/2021,40,10,16,15,
30,Male,Married,France,Army,MAJ,Logistics,2108450,6/4/2021,27,10,11,1,
44,Male,Married,Australia,Navy,LT,Submarine,2108550,6/4/2021,30,,,,
34,Male,Single,New Zealand,Army,MAJ,Logistics,2108650,6/4/2021,,,,,
45,Male,Married,Japan,Army,CPT,Artillery,2108750,6/4/2021,40,14,4,4,8
42,Male,Married,South Korea,Air Force,CPT,Maintenance,2108850,6/4/2021,41,16,,,
44,Male,Married,Brazil,Air Force,MAJ,Medical,2108950,6/4/2021,25,7,,,
39,Male,Married,Argentina,Navy,LCDR,Surface Warfare,2109050,6/4/2021,34,,,,
36,Male,Married,Chile,Air Force,CPT,Maintenance,2109150,6/4/2021,42,17,17,,
33,Male,Single,Colombia,Marines,CPT,Artillery,2109250,6/4/2021,,,,,
41,Male,Married,Italy,Marines,MAJ,Aviation,2109350,6/4/2021,49,12,1,5,14
34,Female,Married,Spain,Air Force,MAJ,Cyber Operations,2109450,6/4/2021,50,,,,
34,Male,Married,Poland,Army,CPT,Artillery,2109550,6/4/2021,25,12,,,
40,Male,Married,Norway,Air Force,MAJ,Intelligence,2109650,6/4/2021,49,10,7,,
40,Male,Married,Kenya,Marines,MAJ,Aviation,2109750,6/4/2021,43,,,,
33,Male,Married,Ghana,Marines,MAJ,Aviation,2109850,6/4/2021,32,17,,,
40,Male,Single,Nigeria,Air Force,CPT,Cyber Operations,2109950,6/4/2021,,,,,
42,Male,Single,South Africa,Marines,CPT,Aviation,2110050,6/4/2021,,,,,
41,Male,Married,Morocco,Navy,LCDR,Medical,2110150,6/4/2021,27,,,,
38,Male,Single,India,Navy,LCDR,Submarine,2110250,6/4/2021,,,,,
44,Male,Single,Philippines,Army,CPT,Artillery,2110350,6/4/2021,,,,,
32,Male,Married,Thailand,Marines,MAJ,Infantry,2110450,6/4/2021,29,3,13,,
43,Male,Married,Singapore,Navy,LT,Surface Warfare,2110550,6/4/2021,29,14,9,4,
34,Male,Single,Indonesia,Navy,LT,Intelligence,2110650,6/4/2021,,,,,
32,Male,Married,Canada,Army,MAJ,Intelligence,2110750,6/4/2021,42,13,7,,
39,Male,Single,Germany,Navy,LT,Submarine,2110850,6/4/2021,,,,,
40,Female,Single,UK,Marines,CPT,Aviation,2110950,6/4/2021,,,,,
35,Male,Married,France,Navy,LT,Medical,2111050,6/4/2021,40,,,,
40,Female,Single,Australia,Navy,LCDR,Submarine,2111150,6/4/2021,,,,,
37,Male,Married,New Zealand,Marines,MAJ,Artillery,2111250,6/4/2021,42,9,13,,
37,Female,Single,Japan,Navy,LCDR,Surface Warfare,2111350,6/4/2021,,,,,
31,Male,Married,South Korea,Air Force,MAJ,Pilot,2111450,6/4/2021,36,17,3,8,6
32,Female,Married,Brazil,Army,MAJ,Infantry,2111550,6/4/2021,31,12,13,4,
35,Female,Married,Argentina,Air Force,MAJ,Maintenance,2111650,6/4/2021,26,7,6,17,
36,Male,Married,Chile,Marines,MAJ,Infantry,2000150,6/5/2020,43,9,,,
45,Male,Married,Colombia,Navy,LT,Aviation,2000250,6/5/2020,31,3,5,,
34,Male,Married,Italy,Navy,LT,Aviation,2000350,6/5/2020,31,9,2,4,1
30,Male,Married,Spain,Army,CPT,Artillery,2000450,6/5/2020,41,13,10,14,
42,Male,Married,Poland,Navy,LT,Submarine,2000550,6/5/2020,34,10,10,,
32,Male,Single,Norway,Army,MAJ,Intelligence,2000650,6/5/2020,,,,,
43,Male,Married,Kenya,Marines,MAJ,Artillery,2000750,6/5/2020,41,6,,,
31,Female,Married,Ghana,Navy,LCDR,Aviation,2000850,6/5/2020,35,,,,
43,Male,Single,Nigeria,Air Force,CPT,Cyber Operations,2000950,6/5/2020,,,,,
30,Male,Single,South Africa,Marines,MAJ,Logistics,2001050,6/5/2020,,,,,
40,Male,Married,Morocco,Marines,CPT,Aviation,2001150,6/5/2020,26,9,,,
33,Male,Single,India,Air Force,MAJ,Cyber Operations,2001250,6/5/2020,,,,,
38,Male,Married,Philippines,Air Force,CPT,Maintenance,2001350,6/5/2020,36,2,5,,
43,Male,Married,Thailand,Marines,MAJ,Aviation,2001450,6/5/2020,27,11,,,
39,Male,Married,Singapore,Army,CPT,Logistics,2001550,6/5/2020,26,9,1,6,
44,Male,Single,Indonesia,Marines,MAJ,Infantry,2001650,6/5/2020,,,,,
44,Male,Married,Canada,Navy,LT,Submarine,2001750,6/5/2020,42,6,,,
32,Male,Married,Germany,Marines,CPT,Logistics,2001850,6/5/2020,28,,,,
35,Female,Single,UK,Marines,CPT,Artillery,2001950,6/5/2020,,,,,
30,Female,Married,France,Air Force,CPT,Medical,2002050,6/5/2020,43,,,,
34,Female,Married,Australia,Army,CPT,Infantry,2002150,6/5/2020,43,5,,,
42,Female,Single,New Zealand,Air Force,MAJ,Cyber Operations,2002250,6/5/2020,,,,,
33,Male,Single,Japan,Army,CPT,Intelligence,2002350,6/5/2020,,,,,
33,Male,Married,South Korea,Air Force,MAJ,Cyber Operations,2002450,6/5/2020,33,8,11,11,
32,Male,Married,Brazil,Air Force,CPT,Medical,2002550,6/5/2020,49,13,,,
41,Female,Married,Argentina,Marines,CPT,Artillery,2002650,6/5/2020,50,6,1,11,15
43,Male,Single,Chile,Navy,LCDR,Medical,2002750,6/5/2020,,,,,
31,Male,Married,Colombia,Navy,LCDR,Medical,2002850,6/5/2020,35,5,5,11,14
30,Male,Single,Italy,Army,CPT,Intelligence,2002950,6/5/2020,,,,,
35,Male,Single,Spain,Navy,LT,Submarine,2003050,6/5/2020,,,,,
39,Male,Single,Poland,Army,MAJ,Logistics,2003150,6/5/2020,,,,,
34,Male,Single,Norway,Navy,LCDR,Surface Warfare,2003250,6/5/2020,,,,,
44,Male,Married,Kenya,Air Force,MAJ,Cyber Operations,2003350,6/5/2020,34,10,,,
44,Female,Married,Ghana,Army,MAJ,Artillery,2003450,6/5/2020,32,,,,
41,Male,Married,Nigeria,Army,CPT,Intelligence,2003550,6/5/2020,29,15,16,16,17
40,Male,Married,South Africa,Navy,LCDR,Surface Warfare,2003650,6/5/2020,27,8,16,5,13
38,Male,Married,Morocco,Army,MAJ,Artillery,2003750,6/5/2020,36,10,8,,
30,Male,Married,India,Air Force,CPT,Intelligence,2003850,6/5/2020,39,17,,,
33,Female,Married,Philippines,Marines,CPT,Infantry,2003950,6/5/2020,45,15,,,
37,Male,Married,Thailand,Marines,MAJ,Intelligence,2004050,6/5/2020,42,16,2,4,
31,Female,Single,Singapore,Army,MAJ,Logistics,2004150,6/5/2020,,,,,
41,Male,Single,Indonesia,Navy,LCDR,Intelligence,2004250,6/5/2020,,,,,
31,Male,Single,Canada,Marines,MAJ,Intelligence,2004350,6/5/2020,,,,,
37,Male,Married,Germany,Marines,MAJ,Aviation,2004450,6/5/2020,50,2,,,
31,Male,Married,UK,Navy,LCDR,Aviation,2004550,6/5/2020,47,6,,,
34,Male,Single,France,Marines,CPT,Artillery,2004650,6/5/2020,,,,,
42,Male,Single,Australia,Air Force,CPT,Pilot,2004750,6/5/2020,,,,,
43,Male,Married,New Zealand,Navy,LT,Aviation,2004850,6/5/2020,36,2,9,11,
36,Male,Married,Japan,Navy,LT,Medical,2004950,6/5/2020,43,6,3,15,8
34,Male,Single,South Korea,Navy,LCDR,Intelligence,2005050,6/5/2020,,,,,
40,Male,Married,Brazil,Navy,LCDR,Intelligence,2005150,6/5/2020,31,1,3,16,15
31,Male,Single,Argentina,Navy,LT,Surface Warfare,2005250,6/5/2020,,,,,
42,Male,Single,Chile,Air Force,CPT,Intelligence,2005350,6/5/2020,,,,,
33,Male,Single,Colombia,Air Force,CPT,Maintenance,2005450,6/5/2020,,,,,
37,Male,Married,Italy,Navy,LCDR,Intelligence,2005550,6/5/2020,29,14,10,8,5
41,Female,Married,Spain,Army,MAJ,Armor,2005650,6/5/2020,45,16,16,16,
41,Male,Married,Poland,Marines,CPT,Intelligence,2005750,6/5/2020,39,1,7,5,13
30,Female,Married,Norway,Army,MAJ,Armor,2005850,6/5/2020,50,,,,
38,Male,Single,Kenya,Air Force,MAJ,Medical,2005950,6/5/2020,,,,,
35,Male,Married,Ghana,Air Force,MAJ,Cyber Operations,2006050,6/5/2020,33,11,,,
42,Male,Married,Nigeria,Army,MAJ,Logistics,2006150,6/5/2020,28,8,11,13,13
34,Male,Married,South Africa,Marines,CPT,Intelligence,2006250,6/5/2020,39,6,13,12,12
34,Female,Married,Morocco,Army,MAJ,Intelligence,2006350,6/5/2020,30,3,4,3,
32,Female,Married,India,Air Force,CPT,Cyber Operations,2006450,6/5/2020,41,15,3,3,
31,Female,Single,Philippines,Army,MAJ,Artillery,2006550,6/5/2020,,,,,
30,Male,Married,Thailand,Navy,LCDR,Intelligence,2006650,6/5/2020,36,,,,
33,Male,Married,Singapore,Navy,LT,Surface Warfare,2006750,6/5/2020,47,3,3,,
30,Male,Married,Indonesia,Navy,LT,Medical,2006850,6/5/2020,36,16,12,6,
32,Male,Married,Canada,Air Force,CPT,Intelligence,2006950,6/5/2020,40,11,,,
38,Male,Married,Germany,Army,CPT,Artillery,2007050,6/5/2020,43,6,,,
43,Female,Single,UK,Air Force,MAJ,Medical,2007150,6/5/2020,,,,,
44,Male,Single,France,Marines,MAJ,Logistics,2007250,6/5/2020,,,,,
45,Female,Single,Australia,Navy,LT,Surface Warfare,2007350,6/5/2020,,,,,
40,Male,Married,New Zealand,Army,MAJ,Logistics,2007450,6/5/2020,33,10,1,,
35,Male,Single,Japan,Air Force,MAJ,Pilot,2007550,6/5/2020,,,,,
32,Female,Married,South Korea,Army,MAJ,Logistics,2007650,6/5/2020,37,10,8,15,3
37,Female,Single,Brazil,Army,CPT,Infantry,2007750,6/5/2020,,,,,
33,Male,Married,Argentina,Air Force,MAJ,Cyber Operations,2007850,6/5/2020,42,9,2,,
37,Male,Married,Chile,Army,MAJ,Artillery,2007950,6/5/2020,25,7,,,
45,Male,Single,Colombia,Marines,MAJ,Intelligence,2008050,6/5/2020,,,,,
33,Male,Married,Italy,Air Force,CPT,Cyber Operations,2008150,6/5/2020,44,2,14,15,5
44,Male,Married,Spain,Army,MAJ,Artillery,2008250,6/5/2020,26,10,12,,
34,Male,Married,Poland,Army,CPT,Logistics,2008350,6/5/2020,38,,,,
44,Male,Single,Norway,Air Force,CPT,Cyber Operations,2008450,6/5/2020,,,,,
40,Male,Single,Kenya,Army,MAJ,Armor,2008550,6/5/2020,,,,,
44,Male,Married,Ghana,Air Force,CPT,Cyber Operations,2008650,6/5/2020,42,,,,
39,Male,Married,Nigeria,Marines,CPT,Intelligence,2008750,6/5/2020,42,3,2,,
34,Male,Single,South Africa,Air Force,MAJ,Intelligence,2008850,6/5/2020,,,,,
40,Male,Single,Morocco,Marines,MAJ,Logistics,2008950,6/5/2020,,,,,
36,Female,Single,India,Marines,MAJ,Infantry,2009050,6/5/2020,,,,,
35,Male,Single,Philippines,Army,MAJ,Armor,2009150,6/5/2020,,,,,
45,Female,Married,Thailand,Marines,CPT,Infantry,2009250,6/5/2020,50,4,,,
45,Male,Married,Singapore,Marines,MAJ,Aviation,2009350,6/5/2020,45,11,4,5,
34,Male,Married,Indonesia,Navy,LCDR,Intelligence,2009450,6/5/2020,37,10,6,,
30,Female,Married,Canada,Air Force,CPT,Medical,2009550,6/5/2020,32,,,,
34,Female,Married,Germany,Army,CPT,Intelligence,2009650,6/5/2020,31,17,16,,
30,Male,Married,UK,Army,MAJ,Intelligence,2009750,6/5/2020,32,9,,,
35,Male,Married,France,Air Force,CPT,Pilot,2009850,6/5/2020,41,13,1,4,
38,Female,Married,Australia,Marines,MAJ,Logistics,2009950,6/5/2020,39,,,,
39,Male,Single,New Zealand,Army,MAJ,Artillery,2010050,6/5/2020,,,,,
33,Female,Married,Japan,Army,CPT,Armor,2010150,6/5/2020,47,15,8,,
41,Female,Married,South Korea,Army,MAJ,Armor,2010250,6/5/2020,31,7,15,,
36,Male,Married,Brazil,Marines,MAJ,Intelligence,2010350,6/5/2020,30,7,5,,
34,Male,Single,Argentina,Marines,CPT,Intelligence,2010450,6/5/2020,,,,,
34,Male,Married,Chile,Air Force,CPT,Intelligence,2010550,6/5/2020,32,16,,,
38,Male,Married,Colombia,Marines,MAJ,Aviation,2010650,6/5/2020,26,1,8,4,
44,Female,Married,Italy,Marines,CPT,Aviation,2010750,6/5/2020,30,8,17,3,
38,Male,Single,Spain,Navy,LT,Medical,2010850,6/5/2020,,,,,
34,Male,Married,Poland,Marines,CPT,Aviation,2010950,6/5/2020,30,13,16,13,
32,Male,Single,Norway,Army,CPT,Armor,2011050,6/5/2020,,,,,
37,Male,Married,Kenya,Navy,LCDR,Aviation,2011150,6/5/2020,25,,,,
30,Female,Married,Ghana,Navy,LT,Submarine,2011250,6/5/2020,39,16,5,7,16
41,Male,Single,Nigeria,Marines,CPT,Artillery,2011350,6/5/2020,,,,,
38,Male,Single,South Africa,Navy,LT,Medical,2011450,6/5/2020,,,,,
45,Male,Married,Morocco,Navy,LT,Submarine,2011550,6/5/2020,31,3,,,
35,Male,Married,India,Navy,LCDR,Intelligence,2011650,6/5/2020,33,4,8,2,13
42,Male,Married,Philippines,Navy,LT,Intelligence,2500150,6/6/2025,34,5,5,15,
36,Male,Married,Thailand,Marines,CPT,Aviation,2500250,6/6/2025,32,17,,,
45,Female,Married,Singapore,Marines,MAJ,Artillery,2500350,6/6/2025,31,5,9,2,
43,Male,Married,Indonesia,Navy,LT,Intelligence,2500450,6/6/2025,45,7,14,17,4
41,Male,Married,Canada,Air Force,MAJ,Cyber Operations,2500550,6/6/2025,41,,,,
43,Male,Married,Germany,Marines,MAJ,Intelligence,2500650,6/6/2025,38,12,2,7,13
32,Male,Married,UK,Marines,CPT,Intelligence,2500750,6/6/2025,29,8,,,
42,Female,Married,France,Air Force,CPT,Intelligence,2500850,6/6/2025,25,2,11,13,
45,Male,Married,Australia,Air Force,MAJ,Cyber Operations,2500950,6/6/2025,40,,,,
41,Male,Single,New Zealand,Army,MAJ,Infantry,2501050,6/6/2025,,,,,
42,Male,Single,Japan,Army,CPT,Armor,2501150,6/6/2025,,,,,
33,Female,Married,South Korea,Marines,MAJ,Artillery,2501250,6/6/2025,35,3,6,,
40,Male,Single,Brazil,Army,MAJ,Armor,2501350,6/6/2025,,,,,
39,Female,Single,Argentina,Navy,LT,Medical,2501450,6/6/2025,,,,,
41,Male,Single,Chile,Navy,LCDR,Aviation,2501550,6/6/2025,,,,,
44,Male,Married,Colombia,Marines,MAJ,Logistics,2501650,6/6/2025,29,,,,
44,Male,Single,Italy,Navy,LCDR,Aviation,2501750,6/6/2025,,,,,
39,Female,Single,Spain,Air Force,MAJ,Maintenance,2501850,6/6/2025,,,,,
33,Male,Married,Poland,Air Force,CPT,Intelligence,2501950,6/6/2025,33,5,12,,
35,Male,Married,Norway,Army,MAJ,Intelligence,2502050,6/6/2025,32,1,16,16,16
41,Male,Single,Kenya,Marines,CPT,Logistics,2502150,6/6/2025,,,,,
45,Male,Married,Ghana,Marines,MAJ,Infantry,2502250,6/6/2025,33,17,,,
35,Female,Single,Nigeria,Air Force,MAJ,Medical,2502350,6/6/2025,,,,,
44,Female,Married,South Africa,Navy,LT,Surface Warfare,2502450,6/6/2025,50,13,4,,
31,Male,Single,Morocco,Army,MAJ,Artillery,2502550,6/6/2025,,,,,
31,Male,Married,India,Air Force,CPT,Pilot,2502650,6/6/2025,43,15,14,2,
36,Female,Single,Philippines,Army,CPT,Intelligence,2502750,6/6/2025,,,,,
43,Male,Married,Thailand,Marines,CPT,Logistics,2502850,6/6/2025,36,1,8,5,
38,Male,Single,Singapore,Marines,MAJ,Infantry,2502950,6/6/2025,,,,,
30,Male,Married,Indonesia,Air Force,CPT,Cyber Operations,2503050,6/6/2025,33,1,4,,
33,Male,Married,Canada,Navy,LT,Medical,2503150,6/6/2025,49,,,,
31,Male,Married,Germany,Air Force,MAJ,Medical,2503250,6/6/2025,33,16,,,
31,Male,Single,UK,Army,MAJ,Intelligence,2503350,6/6/2025,,,,,
41,Male,Married,France,Army,CPT,Logistics,2503450,6/6/2025,39,4,11,9,
35,Male,Married,Australia,Air Force,MAJ,Maintenance,2503550,6/6/2025,27,10,8,17,
45,Female,Married,New Zealand,Army,MAJ,Intelligence,2503650,6/6/2025,30,13,,,
30,Male,Married,Japan,Marines,MAJ,Aviation,2503750,6/6/2025,28,7,17,5,
39,Male,Single,South Korea,Navy,LCDR,Medical,2503850,6/6/2025,,,,,
43,Male,Married,Brazil,Marines,MAJ,Artillery,2503950,6/6/2025,44,4,,,
39,Male,Married,Argentina,Marines,MAJ,Artillery,2504050,6/6/2025,28,15,2,,
32,Male,Single,Chile,Marines,MAJ,Logistics,2504150,6/6/2025,,,,,
39,Male,Married,Colombia,Navy,LT,Medical,2504250,6/6/2025,30,,,,
30,Male,Single,Italy,Navy,LCDR,Surface Warfare,2504350,6/6/2025,,,,,
42,Female,Married,Spain,Marines,CPT,Infantry,2504450,6/6/2025,31,6,,,
42,Male,Married,Poland,Air Force,CPT,Intelligence,2504550,6/6/2025,30,4,12,15,3
32,Female,Married,Norway,Army,MAJ,Logistics,2504650,6/6/2025,50,10,,,
35,Male,Married,Kenya,Marines,CPT,Logistics,2504750,6/6/2025,30,1,1,,
40,Male,Married,Ghana,Navy,LT,Aviation,2504850,6/6/2025,42,1,8,4,10
35,Male,Married,Nigeria,Navy,LCDR,Intelligence,2504950,6/6/2025,49,6,1,12,3
41,Female,Married,South Africa,Army,CPT,Artillery,2505050,6/6/2025,47,14,8,,
43,Male,Married,Morocco,Navy,LCDR,Submarine,2505150,6/6/2025,45,14,,,
45,Male,Married,India,Army,MAJ,Artillery,2505250,6/6/2025,29,1,12,9,1
42,Male,Married,Philippines,Air Force,CPT,Maintenance,2505350,6/6/2025,42,4,11,6,15
40,Male,Married,Thailand,Army,MAJ,Armor,2505450,6/6/2025,39,,,,
38,Male,Married,Singapore,Marines,MAJ,Aviation,2505550,6/6/2025,45,17,16,17,6
35,Male,Married,Indonesia,Marines,CPT,Aviation,2505650,6/6/2025,32,7,4,,
34,Male,Single,Canada,Navy,LT,Aviation,2505750,6/6/2025,,,,,
38,Male,Single,Germany,Air Force,MAJ,Pilot,2505850,6/6/2025,,,,,
39,Male,Married,UK,Marines,CPT,Aviation,2505950,6/6/2025,46,4,,,
40,Male,Married,France,Air Force,CPT,Medical,2506050,6/6/2025,32,,,,
45,Male,Single,Australia,Marines,CPT,Intelligence,2506150,6/6/2025,,,,,
36,Male,Married,New Zealand,Army,MAJ,Intelligence,2506250,6/6/2025,33,6,10,,
35,Male,Single,Japan,Navy,LCDR,Surface Warfare,2506350,6/6/2025,,,,,
43,Female,Single,South Korea,Navy,LCDR,Surface Warfare,2506450,6/6/2025,,,,,
36,Female,Married,Brazil,Army,CPT,Infantry,2506550,6/6/2025,44,8,4,,
40,Male,Married,Argentina,Navy,LCDR,Medical,2506650,6/6/2025,40,11,5,,
42,Female,Married,Chile,Marines,MAJ,Artillery,2506750,6/6/2025,35,,,,
41,Female,Married,Colombia,Army,CPT,Infantry,2506850,6/6/2025,34,13,,,
38,Male,Single,Italy,Air Force,CPT,Medical,2506950,6/6/2025,,,,,
41,Male,Married,Spain,Air Force,MAJ,Pilot,2507050,6/6/2025,29,9,7,14,1
44,Male,Single,Poland,Air Force,MAJ,Intelligence,2507150,6/6/2025,,,,,
33,Female,Married,Norway,Air Force,CPT,Medical,2507250,6/6/2025,48,,,,
34,Male,Single,Kenya,Marines,CPT,Logistics,2507350,6/6/2025,,,,,
42,Male,Single,Ghana,Marines,MAJ,Aviation,2507450,6/6/2025,,,,,
40,Male,Married,Nigeria,Navy,LT,Aviation,2507550,6/6/2025,42,9,7,6,
45,Female,Married,South Africa,Marines,CPT,Aviation,2507650,6/6/2025,31,14,14,,
44,Male,Married,Morocco,Marines,MAJ,Intelligence,2507750,6/6/2025,49,13,3,4,
38,Male,Single,India,Navy,LCDR,Medical,2507850,6/6/2025,,,,,
34,Male,Married,Philippines,Air Force,MAJ,Medical,2507950,6/6/2025,46,3,3,,
30,Male,Married,Thailand,Air Force,MAJ,Pilot,2508050,6/6/2025,26,11,,,
40,Male,Single,Singapore,Marines,MAJ,Aviation,2508150,6/6/2025,,,,,
40,Male,Single,Indonesia,Marines,MAJ,Infantry,2508250,6/6/2025,,,,,
32,Male,Married,Canada,Air Force,CPT,Intelligence,2508350,6/6/2025,31,,,,
42,Female,Married,Germany,Marines,CPT,Infantry,2508450,6/6/2025,47,,,,
44,Male,Married,UK,Navy,LT,Medical,2508550,6/6/2025,34,2,3,17,4
30,Female,Married,France,Air Force,MAJ,Maintenance,2508650,6/6/2025,49,14,,,
34,Male,Married,Australia,Army,CPT,Armor,2508750,6/6/2025,40,2,7,17,14
31,Female,Single,New Zealand,Army,CPT,Armor,2508850,6/6/2025,,,,,
42,Male,Married,Japan,Marines,MAJ,Logistics,2508950,6/6/2025,42,3,12,7,7
35,Male,Married,South Korea,Navy,LT,Surface Warfare,2509050,6/6/2025,50,,,,
34,Male,Married,Brazil,Air Force,MAJ,Maintenance,2509150,6/6/2025,37,13,2,15,
32,Male,Married,Argentina,Marines,CPT,Intelligence,2509250,6/6/2025,32,,,,
36,Male,Married,Chile,Air Force,MAJ,Intelligence,2509350,6/6/2025,48,1,7,5,
45,Male,Married,Colombia,Air Force,MAJ,Pilot,2509450,6/6/2025,37,6,2,4,
31,Male,Married,Italy,Marines,MAJ,Logistics,2509550,6/6/2025,48,,,,
40,Male,Single,Spain,Navy,LT,Medical,2509650,6/6/2025,,,,,
39,Male,Single,Poland,Army,MAJ,Artillery,2509750,6/6/2025,,,,,
37,Female,Married,Norway,Marines,MAJ,Artillery,2509850,6/6/2025,33,4,,,
34,Male,Single,Kenya,Air Force,MAJ,Cyber Operations,2509950,6/6/2025,,,,,
40,Male,Married,Ghana,Army,CPT,Intelligence,2510050,6/6/2025,36,14,11,,
37,Male,Single,Nigeria,Navy,LCDR,Intelligence,2510150,6/6/2025,,,,,
35,Female,Married,South Africa,Army,CPT,Armor,2510250,6/6/2025,38,12,5,,
34,Male,Single,Morocco,Navy,LT,Medical,2510350,6/6/2025,,,,,
38,Male,Married,India,Army,MAJ,Intelligence,2510450,6/6/2025,31,7,16,1,11
39,Female,Married,Philippines,Army,MAJ,Logistics,2510550,6/6/2025,42,17,1,,
44,Female,Married,Thailand,Air Force,MAJ,Cyber Operations,2510650,6/6/2025,46,16,,,
36,Female,Married,Singapore,Navy,LCDR,Intelligence,2510750,6/6/2025,45,17,16,,
36,Male,Single,Indonesia,Air Force,MAJ,Maintenance,2510850,6/6/2025,,,,,
39,Male,Single,Canada,Navy,LT,Intelligence,2510950,6/6/2025,,,,,
35,Female,Married,Germany,Army,CPT,Logistics,2511050,6/6/2025,39,3,,,
43,Male,Married,UK,Air Force,MAJ,Maintenance,2511150,6/6/2025,43,11,3,,
40,Male,Married,France,Navy,LT,Aviation,2511250,6/6/2025,35,17,11,,
41,Female,Married,Australia,Army,MAJ,Armor,2511350,6/6/2025,39,5,15,4,
39,Female,Single,New Zealand,Air Force,CPT,Medical,2511450,6/6/2025,,,,,
33,Female,Married,Japan,Navy,LT,Surface Warfare,2511550,6/6/2025,45,12,14,13,
45,Male,Married,South Korea,Army,CPT,Infantry,2511650,6/6/2025,48,4,,,
39,Male,Married,Brazil,Air Force,CPT,Intelligence,2511750,6/6/2025,25,14,9,,
30,Male,Single,Argentina,Marines,CPT,Artillery,2511850,6/6/2025,,,,,
36,Male,Married,Chile,Marines,CPT,Aviation,2400150,6/7/2024,37,1,7,,
34,Male,Married,Colombia,Navy,LT,Medical,2400250,6/7/2024,43,,,,
32,Male,Married,Italy,Army,MAJ,Intelligence,2400350,6/7/2024,48,15,4,,
34,Male,Married,Spain,Marines,CPT,Infantry,2400450,6/7/2024,39,16,15,4,9
36,Male,Married,Poland,Navy,LT,Medical,2400550,6/7/2024,33,7,13,5,14
34,Male,Married,Norway,Army,MAJ,Infantry,2400650,6/7/2024,33,7,1,4,
32,Male,Married,Kenya,Air Force,CPT,Pilot,2400750,6/7/2024,50,,,,
43,Male,Married,Ghana,Air Force,CPT,Cyber Operations,2400850,6/7/2024,40,12,17,17,
45,Male,Married,Nigeria,Army,MAJ,Artillery,2400950,6/7/2024,26,,,,
44,Male,Married,South Africa,Navy,LCDR,Medical,2401050,6/7/2024,32,,,,
34,Male,Married,Morocco,Army,MAJ,Armor,2401150,6/7/2024,38,14,5,9,10
36,Male,Married,India,Navy,LT,Intelligence,2401250,6/7/2024,42,4,9,17,
42,Female,Married,Philippines,Air Force,MAJ,Intelligence,2401350,6/7/2024,31,9,1,14,6
41,Male,Single,Thailand,Army,CPT,Intelligence,2401450,6/7/2024,,,,,
34,Female,Married,Singapore,Air Force,MAJ,Pilot,2401550,6/7/2024,29,4,3,14,
44,Male,Married,Indonesia,Army,MAJ,Infantry,2401650,6/7/2024,33,4,,,
34,Female,Married,Canada,Air Force,MAJ,Intelligence,2401750,6/7/2024,28,4,10,16,
44,Male,Married,Germany,Army,CPT,Infantry,2401850,6/7/2024,32,5,,,
40,Male,Single,UK,Navy,LCDR,Medical,2401950,6/7/2024,,,,,
38,Female,Married,France,Marines,MAJ,Logistics,2402050,6/7/2024,34,3,15,,
40,Female,Single,Australia,Navy,LCDR,Intelligence,2402150,6/7/2024,,,,,
40,Male,Married,New Zealand,Navy,LCDR,Medical,2402250,6/7/2024,34,16,,,
43,Male,Married,Japan,Air Force,MAJ,Intelligence,2402350,6/7/2024,47,16,12,9,
33,Male,Married,South Korea,Navy,LCDR,Surface Warfare,2402450,6/7/2024,32,1,17,,
33,Male,Married,Brazil,Air Force,MAJ,Intelligence,2402550,6/7/2024,42,8,,,
33,Male,Married,Argentina,Army,MAJ,Armor,2402650,6/7/2024,26,,,,
35,Male,Married,Chile,Navy,LT,Submarine,2402750,6/7/2024,30,9,,,
38,Male,Married,Colombia,Marines,MAJ,Intelligence,2402850,6/7/2024,37,14,14,9,15
36,Female,Married,Italy,Air Force,MAJ,Intelligence,2402950,6/7/2024,36,8,7,4,
37,Male,Married,Spain,Army,CPT,Logistics,2403050,6/7/2024,25,1,13,,
45,Male,Single,Poland,Navy,LT,Aviation,2403150,6/7/2024,,,,,
37,Male,Married,Norway,Army,CPT,Armor,2403250,6/7/2024,43,,,,
45,Male,Married,Kenya,Army,CPT,Artillery,2403350,6/7/2024,33,3,15,7,
42,Male,Single,Ghana,Army,CPT,Intelligence,2403450,6/7/2024,,,,,
40,Female,Married,Nigeria,Navy,LT,Aviation,2403550,6/7/2024,42,11,16,2,5
42,Male,Married,South Africa,Marines,MAJ,Logistics,2403650,6/7/2024,48,,,,
31,Female,Married,Morocco,Army,MAJ,Intelligence,2403750,6/7/2024,40,11,3,13,3
39,Male,Single,India,Navy,LT,Surface Warfare,2403850,6/7/2024,,,,,
44,Male,Married,Philippines,Army,MAJ,Logistics,2403950,6/7/2024,38,,,,
44,Female,Married,Thailand,Air Force,MAJ,Medical,2404050,6/7/2024,31,,,,
38,Male,Single,Singapore,Navy,LCDR,Submarine,2404150,6/7/2024,,,,,
43,Male,Married,Indonesia,Army,MAJ,Artillery,2404250,6/7/2024,26,12,1,14,11
40,Male,Married,Canada,Navy,LT,Submarine,2404350,6/7/2024,46,13,14,9,
43,Male,Single,Germany,Navy,LCDR,Medical,2404450,6/7/2024,,,,,
42,Male,Married,UK,Army,CPT,Infantry,2404550,6/7/2024,33,8,4,5,
35,Female,Single,France,Marines,CPT,Logistics,2404650,6/7/2024,,,,,
33,Male,Married,Australia,Army,CPT,Armor,2404750,6/7/2024,42,11,,,
38,Male,Married,New Zealand,Army,MAJ,Logistics,2404850,6/7/2024,38,2,10,2,
39,Male,Married,Japan,Air Force,MAJ,Intelligence,2404950,6/7/2024,46,6,,,
34,Male,Married,South Korea,Air Force,MAJ,Maintenance,2405050,6/7/2024,38,17,4,,
45,Male,Married,Brazil,Army,CPT,Intelligence,2405150,6/7/2024,27,,,,
42,Male,Single,Argentina,Army,MAJ,Infantry,2405250,6/7/2024,,,,,
35,Male,Single,Chile,Marines,MAJ,Intelligence,2405350,6/7/2024,,,,,
34,Male,Married,Colombia,Air Force,MAJ,Pilot,2405450,6/7/2024,31,17,,,
40,Male,Married,Italy,Marines,CPT,Artillery,2405550,6/7/2024,31,1,4,,
45,Male,Married,Spain,Marines,MAJ,Aviation,2405650,6/7/2024,31,13,4,11,6
39,Male,Married,Poland,Navy,LT,Surface Warfare,2405750,6/7/2024,45,2,12,,
31,Male,Married,Norway,Marines,CPT,Intelligence,2405850,6/7/2024,44,11,10,13,15
36,Male,Married,Kenya,Marines,MAJ,Intelligence,2405950,6/7/2024,34,7,,,
45,Female,Married,Ghana,Air Force,MAJ,Medical,2406050,6/7/2024,30,,,,
33,Male,Married,Nigeria,Air Force,MAJ,Cyber Operations,2406150,6/7/2024,42,11,,,
42,Female,Married,South Africa,Air Force,MAJ,Cyber Operations,2406250,6/7/2024,37,4,,,
34,Male,Married,Morocco,Air Force,CPT,Cyber Operations,2406350,6/7/2024,50,4,8,12,
44,Male,Married,India,Marines,MAJ,Logistics,2406450,6/7/2024,40,2,,,
36,Male,Married,Philippines,Army,MAJ,Infantry,2406550,6/7/2024,46,8,,,
42,Male,Single,Thailand,Marines,MAJ,Infantry,2406650,6/7/2024,,,,,
31,Male,Married,Singapore,Marines,MAJ,Aviation,2406750,6/7/2024,43,,,,
33,Male,Married,Indonesia,Air Force,MAJ,Pilot,2406850,6/7/2024,33,,,,
41,Female,Married,Canada,Army,CPT,Infantry,2406950,6/7/2024,35,,,,
34,Male,Married,Germany,Army,MAJ,Artillery,2407050,6/7/2024,40,4,,,
35,Male,Married,UK,Army,MAJ,Artillery,2407150,6/7/2024,29,1,16,4,
36,Female,Married,France,Army,CPT,Infantry,2407250,6/7/2024,32,13,17,4,14
37,Male,Married,Australia,Navy,LCDR,Surface Warfare,2407350,6/7/2024,40,17,2,15,
37,Male,Single,New Zealand,Navy,LCDR,Surface Warfare,2407450,6/7/2024,,,,,
38,Male,Single,Japan,Air Force,CPT,Medical,2407550,6/7/2024,,,,,
45,Male,Married,South Korea,Air Force,CPT,Pilot,2407650,6/7/2024,42,3,,,
42,Male,Married,Brazil,Marines,MAJ,Infantry,2407750,6/7/2024,43,,,,
38,Male,Single,Argentina,Air Force,MAJ,Maintenance,2407850,6/7/2024,,,,,
37,Female,Married,Chile,Navy,LT,Aviation,2407950,6/7/2024,33,1,4,16,13
42,Male,Married,Colombia,Navy,LT,Intelligence,2408050,6/7/2024,46,,,,
41,Male,Single,Italy,Army,CPT,Armor,2408150,6/7/2024,,,,,
39,Male,Single,Spain,Army,MAJ,Artillery,2408250,6/7/2024,,,,,
41,Male,Married,Poland,Army,CPT,Armor,2408350,6/7/2024,37,4,,,
40,Male,Married,Norway,Navy,LT,Surface Warfare,2408450,6/7/2024,40,5,12,,
33,Male,Single,Kenya,Marines,CPT,Aviation,2408550,6/7/2024,,,,,
38,Male,Single,Ghana,Air Force,CPT,Cyber Operations,2408650,6/7/2024,,,,,
37,Male,Married,Nigeria,Navy,LT,Intelligence,2408750,6/7/2024,34,,,,
43,Male,Married,South Africa,Army,CPT,Intelligence,2408850,6/7/2024,25,7,17,3,17
42,Male,Married,Morocco,Air Force,CPT,Medical,2408950,6/7/2024,26,,,,
44,Male,Married,India,Air Force,MAJ,Intelligence,2409050,6/7/2024,33,7,7,,
37,Male,Married,Philippines,Marines,CPT,Intelligence,2409150,6/7/2024,29,8,7,5,17
42,Male,Married,Thailand,Army,CPT,Logistics,2409250,6/7/2024,33,12,7,4,
43,Male,Married,Singapore,Army,CPT,Logistics,2409350,6/7/2024,50,7,13,4,16
41,Female,Married,Indonesia,Army,CPT,Infantry,2409450,6/7/2024,37,3,,,
38,Male,Married,Canada,Army,MAJ,Infantry,2409550,6/7/2024,30,15,7,6,8
38,Male,Married,Germany,Marines,CPT,Artillery,2409650,6/7/2024,27,5,8,13,
44,Male,Married,UK,Air Force,MAJ,Pilot,2409750,6/7/2024,43,7,17,7,11
39,Female,Single,France,Navy,LT,Intelligence,2409850,6/7/2024,,,,,
40,Male,Married,Australia,Air Force,CPT,Intelligence,2409950,6/7/2024,35,14,14,9,
36,Female,Married,New Zealand,Army,CPT,Intelligence,2410050,6/7/2024,30,14,14,13,2
39,Female,Single,Japan,Army,MAJ,Logistics,2410150,6/7/2024,,,,,
45,Male,Married,South Korea,Marines,MAJ,Logistics,2410250,6/7/2024,30,16,10,17,
43,Female,Married,Brazil,Air Force,CPT,Medical,2410350,6/7/2024,45,2,13,10,
39,Female,Married,Argentina,Navy,LCDR,Surface Warfare,2410450,6/7/2024,39,5,9,6,
33,Female,Single,Chile,Air Force,CPT,Maintenance,2410550,6/7/2024,,,,,
34,Male,Single,Colombia,Air Force,MAJ,Intelligence,2410650,6/7/2024,,,,,
37,Female,Single,Italy,Army,CPT,Infantry,2410750,6/7/2024,,,,,
32,Male,Single,Spain,Marines,MAJ,Artillery,2410850,6/7/2024,,,,,
32,Female,Married,Poland,Marines,MAJ,Artillery,2410950,6/7/2024,31,13,6,,
44,Male,Single,Norway,Marines,CPT,Infantry,2411050,6/7/2024,,,,,
36,Male,Married,Kenya,Marines,MAJ,Logistics,2411150,6/7/2024,33,4,16,3,
39,Male,Single,Ghana,Air Force,CPT,Medical,2411250,6/7/2024,,,,,
41,Male,Single,Nigeria,Air Force,MAJ,Medical,2411350,6/7/2024,,,,,
42,Female,Married,South Africa,Marines,CPT,Artillery,2411450,6/7/2024,41,,,,
41,Male,Married,Morocco,Air Force,CPT,Maintenance,2411550,6/7/2024,27,4,,,
30,Male,Married,India,Navy,LT,Aviation,2411650,6/7/2024,49,12,,,
